分类,项目,数量/长度,单位,备注
边界灯带,县域+乡镇边界红色灯带,14,条,县域1条+乡镇13条
亮灯建筑,县政府/乡镇政府大楼,14,座,含灯+标牌
标牌,亮灯标牌（政府大楼）,13,个,
标牌,仅标牌（行政村/山峰/寺庙）,70,个,
标牌,水系标牌（河流/湖泊）,4,个,
标牌,标牌合计,87,个,
点要素,乡镇驻地,13,个,
点要素,行政村,64,个,其中部分为估算位置
点要素,山峰,2,个,
点要素,寺庙,4,个,
线要素,道路/铁路,3,条,总长约 78.67 km
线要素,国道109,33.88,km,
线要素,县城通往乡镇主干道,22.53,km,
线要素,青藏铁路,22.26,km,
线要素,河流,3,条,总长约 154.74 km
线要素,怒江,32.15,km,
线要素,扎布藏布,94.72,km,
线要素,布曲,27.87,km,
面要素,湖泊,1,个,周长约 65.37 km
面要素,错那湖,65.37,km,
质量,需人工核对,59,个,OSM/Nominatim 未匹配，位置为估算
质量,名称待补充,36,个,
